slug,heroHeading,heroParagraph,introHeading,introParagraphs,zigzag1Title,zigzag1Paragraphs,zigzag1Bullets,zigzag2Title,zigzag2Paragraphs,zigzag2Bullets,zigzag3Title,zigzag3Paragraphs,zigzag3Bullets,closingHeading,closingParagraphs
repair,Repair & Maintenance,"Every golf cart that leaves our facility gets assessed, serviced, and verified against a defined technical standard and gets restored to the performance specification it was built to meet.",Golf Cart Repair and Maintenance in Southern New Hampshire,"When your golf cart isn't performing to its potential, you need a service team that can diagnose the problem accurately, fix it properly, and get you back on the road without unnecessary delays. At SNH Golf Carts in Londonderry, NH, we provide hands-on repair and maintenance services for electric golf carts across New Hampshire, including Manchester, Nashua, and surrounding communities.
We work on all major makes and models, and we treat every cart that comes through our doors with the same level of attention, whether it's a single privately owned vehicle or part of a managed fleet.",What Our Golf Cart Repair Service Covers,"Electrical issues are among the most frequently misdiagnosed problems in golf cart repair. A symptom that appears mechanical is often electrical in origin, and guessing costs time and money. Our technicians use proper diagnostic equipment to trace every issue to its root cause before any work begins. We document findings, explain scope, and execute repairs against a defined service standard on every job, regardless of cart age, make, or fleet size.","Diagnostics and electrical troubleshooting
Battery testing and replacement
Motor and controller repair
Brake adjustment and replacement
Tire inspection and swap
Suspension and steering evaluation
Routine preventative maintenance
Semi-annual service packages",Mobile Service and Local Availability,"For customers who cannot transport their cart to our facility, we provide mobile golf cart service across Southern New Hampshire. Our technicians come to your location, assess the cart on-site, and handle repairs that don't require shop equipment at your property without pulling the vehicle from service or adding transport logistics to an already unplanned situation.
Mobile service is particularly practical for fleet operators, campground owners, facility managers, and anyone managing multiple vehicles across a large property. We confirm service area coverage at the time of scheduling.",,The SNH Service Standard,"Every service recommendation we make is backed by diagnostic data, not assumption. We document what we find, explain the full scope before work begins, and return every vehicle with a complete service record.
Our technicians understand the specific mechanical and electrical demands that New Hampshire terrain and climate place on electric vehicles. The same technical protocol applies to every cart that comes through our facility, regardless of age, model, application, or fleet size. No shortcuts. No guesswork.",,Schedule Your Service,"If your cart needs repair or is due for maintenance, reach out to schedule service. We respond to all inquiries promptly and can usually advise on urgency and estimated scope before you bring the cart in."
winterization,Winterization,"A New Hampshire winter puts measurable stress on every system in an electric golf cart. Our winterization service prepares each vehicle for the off-season with a protocol built specifically for this climate; protecting battery capacity, electrical integrity, and mechanical condition so the cart comes out of storage performing to the same standard it went in.",Golf Cart Winterization in New Hampshire: Protect Your Investment Before the Cold Sets In,"New Hampshire winters are not gentle on vehicles, and golf carts are no exception. Freezing temperatures, moisture, and months of inactivity create conditions that can significantly shorten battery life, damage electrical components, and leave you with a cart that needs expensive repairs come spring. Proper winterization protects against all of that, and it's one of the most cost-effective services a golf cart owner in this region can invest in.
SNH Golf Carts provides professional golf cart winterization services from our Londonderry facility, serving owners across Southern New Hampshire including Manchester, Nashua, and the Lakes Region.",What Our Winterization Service Includes,"Our winterization protocol covers every system that New Hampshire's off-season puts at risk. Each cart is assessed before storage, prepared to a chemistry-specific standard, and documented so the spring recommission starts from a verified baseline rather than an unknown one.","Battery preparation and protection
Cell-level battery testing
Electrical system inspection
Wiring and connector vulnerability assessment
Brake component inspection
Tire condition and pressure check
Full lubrication of moving parts
Storage environment guidance",Importance of Winterization,"An electric golf cart stored improperly through a New Hampshire winter faces measurable, preventable damage. Lead acid batteries left discharged in freezing temperatures can freeze internally, causing permanent cell failure. Lithium systems, while more tolerant of cold, still require a correct shutdown procedure and defined storage charge level.
Beyond the battery, electrical connections corrode in damp storage environments, brake components seize under extended inactivity, and tires develop flat spots under sustained cold load. Proper winterization addresses all of it before the season ends.",,Spring Recommission,"Our winterization service includes a spring recommission check when you're ready to bring the cart back into operation. We verify battery performance after the storage period, test all major systems against pre-storage baselines, and address anything that shifted over the winter before the cart returns to service.
Every recommission is documented. If a system requires attention, we identify it at this stage rather than leaving it to surface during the first ride of the season.",,Schedule Before the First Freeze,"The best window for golf cart winterization in New Hampshire is October through mid-November, before temperatures regularly drop below freezing. Waiting too long limits your options and increases the risk of cold weather causing damage before the cart is properly prepared."
upgrades,Upgrades and Customization,"Every upgrade we install starts with a platform assessment and ends with a documented standard. From lithium conversions to full custom builds, no exceptions.",Golf Cart Upgrades and Customization in Southern New Hampshire,"With the right upgrades, a golf cart can be more capable, comfortable and practical and considerably more enjoyable to own. Whether you're looking to improve performance, personalize the appearance, or add features, SNH Golf Carts offers professional installation of a wide range of upgrades and modifications at our facility.
We work with customers across Southern New Hampshire who want more from their cart than it delivered from the factory, and we approach every project with the same standard: quality parts, clean installation, and honest guidance on what's worth doing and what isn't.",What We Offer in Performance Upgrades,"Every performance upgrade we install begins with a compatibility assessment. We confirm what the cart's platform supports, specify the right components for the application, and execute the installation against a documented standard. The result is measurable improvement in the specific performance dimension the upgrade is designed to address.","Lithium battery conversion
Speed Controller
Charger upgrade and system matching
Lift kit installation
All-terrain tire fitting
Ground clearance configuration",Comfort and Appearance Upgrades,"Appearance and comfort upgrades are installed to the same workmanship standard as performance work. Component selection accounts for New Hampshire's outdoor conditions, including UV exposure, moisture, and temperature variation, so what goes on the cart holds up across seasons rather than requiring replacement within one.","Custom seats and upholstery
Weather-resistant material options
LED headlight and brake light upgrades
Underbody and accent lighting
Front and full enclosure kits
Weather-resistant audio system integration",Custom Golf Cart Builds,"For clients with specific performance or configuration requirements, we manage the full build process from initial consultation through final commissioning. This includes base platform selection matched to the intended application, performance component specification, appearance and comfort configuration, and full system testing before delivery.
Every decision is made against a defined technical brief rather than available inventory. The result is a vehicle built precisely to the client's operational requirements which gets documented, verified, and ready to perform from day one.",,Professional Installation on Every Project,"Every upgrade we install is done properly. Clean wiring, correct component fitment, and thorough testing after installation. We don't cut corners on execution, and we stand behind the work we do.
If you have an upgrade in mind or want guidance on where to start, reach out to the team at SNH Golf Carts. We're happy to walk through your options and give you an honest read on what makes sense for your cart and your budget."
